<application>
  <component name="LocalDatabaseDriverManager" version="201">
    <driver id="mongo.4">
      <artifact id="MongoDB" name="MongoDB" use="true" version="1.20" />
    </driver>
    <driver id="redis">
      <artifact id="Redis" name="Redis" use="true" version="1.5" />
    </driver>
    <driver id="sqlite.xerial">
      <artifact id="Xerial SQLiteJDBC" name="Xerial SQLiteJDBC" use="true" version="3.45.1" />
    </driver>
    <driver id="mysql.8">
      <artifact id="MySQL ConnectorJ" name="MySQL ConnectorJ" use="true" version="8.2.0" />
    </driver>
    <driver id="com.p6spy.engine.spy.P6SpyDriver" name="com.p6spy.engine.spy.P6SpyDriver" driver-class="com.p6spy.engine.spy.P6SpyDriver" />
  </component>
</application>