<application>
  <component name="ProjectJdkTable">
    <jdk version="2">
      <name value="21" />
      <type value="JavaSDK" />
      <version value="JetBrains Runtime 21.0.9" />
      <homePath value="$APPLICATION_HOME_DIR$/jbr" />
      <roots>
        <annotationsPath>
          <root type="composite">
            <root url="jar://$APPLICATION_HOME_DIR$/plugins/java/lib/resources/jdkAnnotations.jar!/" type="simple" />
          </root>
        </annotationsPath>
        <classPath>
          <root type="composite">
            <root url="jrt://$APPLICATION_HOME_DIR$/jbr!/gluegen.rt" type="simple" />
            <root url="jrt://$APPLICATION_HOME_DIR$/jbr!/java.base" type="simple" />
            <root url="jrt://$APPLICATION_HOME_DIR$/jbr!/java.compiler" type="simple" />
            <root url="jrt://$APPLICATION_HOME_DIR$/jbr!/java.datatransfer" type="simple" />
            <root url="jrt://$APPLICATION_HOME_DIR$/jbr!/java.desktop" type="simple" />
            <root url="jrt://$APPLICATION_HOME_DIR$/jbr!/java.instrument" type="simple" />
            <root url="jrt://$APPLICATION_HOME_DIR$/jbr!/java.logging" type="simple" />
            <root url="jrt://$APPLICATION_HOME_DIR$/jbr!/java.management" type="simple" />
            <root url="jrt://$APPLICATION_HOME_DIR$/jbr!/java.management.rmi" type="simple" />
            <root url="jrt://$APPLICATION_HOME_DIR$/jbr!/java.naming" type="simple" />
            <root url="jrt://$APPLICATION_HOME_DIR$/jbr!/java.net.http" type="simple" />
            <root url="jrt://$APPLICATION_HOME_DIR$/jbr!/java.prefs" type="simple" />
            <root url="jrt://$APPLICATION_HOME_DIR$/jbr!/java.rmi" type="simple" />
            <root url="jrt://$APPLICATION_HOME_DIR$/jbr!/java.scripting" type="simple" />
            <root url="jrt://$APPLICATION_HOME_DIR$/jbr!/java.se" type="simple" />
            <root url="jrt://$APPLICATION_HOME_DIR$/jbr!/java.security.jgss" type="simple" />
            <root url="jrt://$APPLICATION_HOME_DIR$/jbr!/java.security.sasl" type="simple" />
            <root url="jrt://$APPLICATION_HOME_DIR$/jbr!/java.smartcardio" type="simple" />
            <root url="jrt://$APPLICATION_HOME_DIR$/jbr!/java.sql" type="simple" />
            <root url="jrt://$APPLICATION_HOME_DIR$/jbr!/java.sql.rowset" type="simple" />
            <root url="jrt://$APPLICATION_HOME_DIR$/jbr!/java.transaction.xa" type="simple" />
            <root url="jrt://$APPLICATION_HOME_DIR$/jbr!/java.xml" type="simple" />
            <root url="jrt://$APPLICATION_HOME_DIR$/jbr!/java.xml.crypto" type="simple" />
            <root url="jrt://$APPLICATION_HOME_DIR$/jbr!/jcef" type="simple" />
            <root url="jrt://$APPLICATION_HOME_DIR$/jbr!/jdk.accessibility" type="simple" />
            <root url="jrt://$APPLICATION_HOME_DIR$/jbr!/jdk.attach" type="simple" />
            <root url="jrt://$APPLICATION_HOME_DIR$/jbr!/jdk.charsets" type="simple" />
            <root url="jrt://$APPLICATION_HOME_DIR$/jbr!/jdk.compiler" type="simple" />
            <root url="jrt://$APPLICATION_HOME_DIR$/jbr!/jdk.crypto.cryptoki" type="simple" />
            <root url="jrt://$APPLICATION_HOME_DIR$/jbr!/jdk.crypto.ec" type="simple" />
            <root url="jrt://$APPLICATION_HOME_DIR$/jbr!/jdk.dynalink" type="simple" />
            <root url="jrt://$APPLICATION_HOME_DIR$/jbr!/jdk.hotspot.agent" type="simple" />
            <root url="jrt://$APPLICATION_HOME_DIR$/jbr!/jdk.httpserver" type="simple" />
            <root url="jrt://$APPLICATION_HOME_DIR$/jbr!/jdk.internal.ed" type="simple" />
            <root url="jrt://$APPLICATION_HOME_DIR$/jbr!/jdk.internal.jvmstat" type="simple" />
            <root url="jrt://$APPLICATION_HOME_DIR$/jbr!/jdk.internal.le" type="simple" />
            <root url="jrt://$APPLICATION_HOME_DIR$/jbr!/jdk.internal.opt" type="simple" />
            <root url="jrt://$APPLICATION_HOME_DIR$/jbr!/jdk.internal.vm.ci" type="simple" />
            <root url="jrt://$APPLICATION_HOME_DIR$/jbr!/jdk.javadoc" type="simple" />
            <root url="jrt://$APPLICATION_HOME_DIR$/jbr!/jdk.jcmd" type="simple" />
            <root url="jrt://$APPLICATION_HOME_DIR$/jbr!/jdk.jdi" type="simple" />
            <root url="jrt://$APPLICATION_HOME_DIR$/jbr!/jdk.jdwp.agent" type="simple" />
            <root url="jrt://$APPLICATION_HOME_DIR$/jbr!/jdk.jfr" type="simple" />
            <root url="jrt://$APPLICATION_HOME_DIR$/jbr!/jdk.jsobject" type="simple" />
            <root url="jrt://$APPLICATION_HOME_DIR$/jbr!/jdk.localedata" type="simple" />
            <root url="jrt://$APPLICATION_HOME_DIR$/jbr!/jdk.management" type="simple" />
            <root url="jrt://$APPLICATION_HOME_DIR$/jbr!/jdk.management.agent" type="simple" />
            <root url="jrt://$APPLICATION_HOME_DIR$/jbr!/jdk.management.jfr" type="simple" />
            <root url="jrt://$APPLICATION_HOME_DIR$/jbr!/jdk.naming.dns" type="simple" />
            <root url="jrt://$APPLICATION_HOME_DIR$/jbr!/jdk.naming.rmi" type="simple" />
            <root url="jrt://$APPLICATION_HOME_DIR$/jbr!/jdk.net" type="simple" />
            <root url="jrt://$APPLICATION_HOME_DIR$/jbr!/jdk.sctp" type="simple" />
            <root url="jrt://$APPLICATION_HOME_DIR$/jbr!/jdk.security.auth" type="simple" />
            <root url="jrt://$APPLICATION_HOME_DIR$/jbr!/jdk.security.jgss" type="simple" />
            <root url="jrt://$APPLICATION_HOME_DIR$/jbr!/jdk.unsupported" type="simple" />
            <root url="jrt://$APPLICATION_HOME_DIR$/jbr!/jdk.unsupported.desktop" type="simple" />
            <root url="jrt://$APPLICATION_HOME_DIR$/jbr!/jdk.xml.dom" type="simple" />
            <root url="jrt://$APPLICATION_HOME_DIR$/jbr!/jdk.zipfs" type="simple" />
            <root url="jrt://$APPLICATION_HOME_DIR$/jbr!/jogl.all" type="simple" />
          </root>
        </classPath>
        <javadocPath>
          <root type="composite">
            <root url="https://docs.oracle.com/en/java/javase/21/docs/api/" type="simple" />
          </root>
        </javadocPath>
        <sourcePath>
          <root type="composite" />
        </sourcePath>
      </roots>
    </jdk>
    <jdk version="2">
      <name value="corretto-17" />
      <type value="JavaSDK" />
      <version value="Amazon Corretto 17.0.9" />
      <homePath value="D:/software/Plugins/JDK/JDK17" />
      <roots>
        <annotationsPath>
          <root type="composite">
            <root url="jar://$APPLICATION_HOME_DIR$/plugins/java/lib/resources/jdkAnnotations.jar!/" type="simple" />
          </root>
        </annotationsPath>
        <classPath>
          <root type="composite">
            <root url="jrt://D:/software/Plugins/JDK/JDK17!/java.base" type="simple" />
            <root url="jrt://D:/software/Plugins/JDK/JDK17!/java.compiler" type="simple" />
            <root url="jrt://D:/software/Plugins/JDK/JDK17!/java.datatransfer" type="simple" />
            <root url="jrt://D:/software/Plugins/JDK/JDK17!/java.desktop" type="simple" />
            <root url="jrt://D:/software/Plugins/JDK/JDK17!/java.instrument" type="simple" />
            <root url="jrt://D:/software/Plugins/JDK/JDK17!/java.logging" type="simple" />
            <root url="jrt://D:/software/Plugins/JDK/JDK17!/java.management" type="simple" />
            <root url="jrt://D:/software/Plugins/JDK/JDK17!/java.management.rmi" type="simple" />
            <root url="jrt://D:/software/Plugins/JDK/JDK17!/java.naming" type="simple" />
            <root url="jrt://D:/software/Plugins/JDK/JDK17!/java.net.http" type="simple" />
            <root url="jrt://D:/software/Plugins/JDK/JDK17!/java.prefs" type="simple" />
            <root url="jrt://D:/software/Plugins/JDK/JDK17!/java.rmi" type="simple" />
            <root url="jrt://D:/software/Plugins/JDK/JDK17!/java.scripting" type="simple" />
            <root url="jrt://D:/software/Plugins/JDK/JDK17!/java.se" type="simple" />
            <root url="jrt://D:/software/Plugins/JDK/JDK17!/java.security.jgss" type="simple" />
            <root url="jrt://D:/software/Plugins/JDK/JDK17!/java.security.sasl" type="simple" />
            <root url="jrt://D:/software/Plugins/JDK/JDK17!/java.smartcardio" type="simple" />
            <root url="jrt://D:/software/Plugins/JDK/JDK17!/java.sql" type="simple" />
            <root url="jrt://D:/software/Plugins/JDK/JDK17!/java.sql.rowset" type="simple" />
            <root url="jrt://D:/software/Plugins/JDK/JDK17!/java.transaction.xa" type="simple" />
            <root url="jrt://D:/software/Plugins/JDK/JDK17!/java.xml" type="simple" />
            <root url="jrt://D:/software/Plugins/JDK/JDK17!/java.xml.crypto" type="simple" />
            <root url="jrt://D:/software/Plugins/JDK/JDK17!/jdk.accessibility" type="simple" />
            <root url="jrt://D:/software/Plugins/JDK/JDK17!/jdk.attach" type="simple" />
            <root url="jrt://D:/software/Plugins/JDK/JDK17!/jdk.charsets" type="simple" />
            <root url="jrt://D:/software/Plugins/JDK/JDK17!/jdk.compiler" type="simple" />
            <root url="jrt://D:/software/Plugins/JDK/JDK17!/jdk.crypto.cryptoki" type="simple" />
            <root url="jrt://D:/software/Plugins/JDK/JDK17!/jdk.crypto.ec" type="simple" />
            <root url="jrt://D:/software/Plugins/JDK/JDK17!/jdk.crypto.mscapi" type="simple" />
            <root url="jrt://D:/software/Plugins/JDK/JDK17!/jdk.dynalink" type="simple" />
            <root url="jrt://D:/software/Plugins/JDK/JDK17!/jdk.editpad" type="simple" />
            <root url="jrt://D:/software/Plugins/JDK/JDK17!/jdk.hotspot.agent" type="simple" />
            <root url="jrt://D:/software/Plugins/JDK/JDK17!/jdk.httpserver" type="simple" />
            <root url="jrt://D:/software/Plugins/JDK/JDK17!/jdk.incubator.foreign" type="simple" />
            <root url="jrt://D:/software/Plugins/JDK/JDK17!/jdk.incubator.vector" type="simple" />
            <root url="jrt://D:/software/Plugins/JDK/JDK17!/jdk.internal.ed" type="simple" />
            <root url="jrt://D:/software/Plugins/JDK/JDK17!/jdk.internal.jvmstat" type="simple" />
            <root url="jrt://D:/software/Plugins/JDK/JDK17!/jdk.internal.le" type="simple" />
            <root url="jrt://D:/software/Plugins/JDK/JDK17!/jdk.internal.opt" type="simple" />
            <root url="jrt://D:/software/Plugins/JDK/JDK17!/jdk.internal.vm.ci" type="simple" />
            <root url="jrt://D:/software/Plugins/JDK/JDK17!/jdk.internal.vm.compiler" type="simple" />
            <root url="jrt://D:/software/Plugins/JDK/JDK17!/jdk.internal.vm.compiler.management" type="simple" />
            <root url="jrt://D:/software/Plugins/JDK/JDK17!/jdk.jartool" type="simple" />
            <root url="jrt://D:/software/Plugins/JDK/JDK17!/jdk.javadoc" type="simple" />
            <root url="jrt://D:/software/Plugins/JDK/JDK17!/jdk.jcmd" type="simple" />
            <root url="jrt://D:/software/Plugins/JDK/JDK17!/jdk.jconsole" type="simple" />
            <root url="jrt://D:/software/Plugins/JDK/JDK17!/jdk.jdeps" type="simple" />
            <root url="jrt://D:/software/Plugins/JDK/JDK17!/jdk.jdi" type="simple" />
            <root url="jrt://D:/software/Plugins/JDK/JDK17!/jdk.jdwp.agent" type="simple" />
            <root url="jrt://D:/software/Plugins/JDK/JDK17!/jdk.jfr" type="simple" />
            <root url="jrt://D:/software/Plugins/JDK/JDK17!/jdk.jlink" type="simple" />
            <root url="jrt://D:/software/Plugins/JDK/JDK17!/jdk.jpackage" type="simple" />
            <root url="jrt://D:/software/Plugins/JDK/JDK17!/jdk.jshell" type="simple" />
            <root url="jrt://D:/software/Plugins/JDK/JDK17!/jdk.jsobject" type="simple" />
            <root url="jrt://D:/software/Plugins/JDK/JDK17!/jdk.jstatd" type="simple" />
            <root url="jrt://D:/software/Plugins/JDK/JDK17!/jdk.localedata" type="simple" />
            <root url="jrt://D:/software/Plugins/JDK/JDK17!/jdk.management" type="simple" />
            <root url="jrt://D:/software/Plugins/JDK/JDK17!/jdk.management.agent" type="simple" />
            <root url="jrt://D:/software/Plugins/JDK/JDK17!/jdk.management.jfr" type="simple" />
            <root url="jrt://D:/software/Plugins/JDK/JDK17!/jdk.naming.dns" type="simple" />
            <root url="jrt://D:/software/Plugins/JDK/JDK17!/jdk.naming.rmi" type="simple" />
            <root url="jrt://D:/software/Plugins/JDK/JDK17!/jdk.net" type="simple" />
            <root url="jrt://D:/software/Plugins/JDK/JDK17!/jdk.nio.mapmode" type="simple" />
            <root url="jrt://D:/software/Plugins/JDK/JDK17!/jdk.random" type="simple" />
            <root url="jrt://D:/software/Plugins/JDK/JDK17!/jdk.sctp" type="simple" />
            <root url="jrt://D:/software/Plugins/JDK/JDK17!/jdk.security.auth" type="simple" />
            <root url="jrt://D:/software/Plugins/JDK/JDK17!/jdk.security.jgss" type="simple" />
            <root url="jrt://D:/software/Plugins/JDK/JDK17!/jdk.unsupported" type="simple" />
            <root url="jrt://D:/software/Plugins/JDK/JDK17!/jdk.unsupported.desktop" type="simple" />
            <root url="jrt://D:/software/Plugins/JDK/JDK17!/jdk.xml.dom" type="simple" />
            <root url="jrt://D:/software/Plugins/JDK/JDK17!/jdk.zipfs" type="simple" />
          </root>
        </classPath>
        <javadocPath>
          <root type="composite" />
        </javadocPath>
        <sourcePath>
          <root type="composite">
            <root url="jar://D:/software/Plugins/JDK17/lib/src.zip!/java.se" type="simple" />
            <root url="jar://D:/software/Plugins/JDK17/lib/src.zip!/jdk.jdi" type="simple" />
            <root url="jar://D:/software/Plugins/JDK17/lib/src.zip!/jdk.jfr" type="simple" />
            <root url="jar://D:/software/Plugins/JDK17/lib/src.zip!/jdk.net" type="simple" />
            <root url="jar://D:/software/Plugins/JDK17/lib/src.zip!/java.rmi" type="simple" />
            <root url="jar://D:/software/Plugins/JDK17/lib/src.zip!/java.sql" type="simple" />
            <root url="jar://D:/software/Plugins/JDK17/lib/src.zip!/java.xml" type="simple" />
            <root url="jar://D:/software/Plugins/JDK17/lib/src.zip!/jdk.jcmd" type="simple" />
            <root url="jar://D:/software/Plugins/JDK17/lib/src.zip!/jdk.sctp" type="simple" />
            <root url="jar://D:/software/Plugins/JDK17/lib/src.zip!/java.base" type="simple" />
            <root url="jar://D:/software/Plugins/JDK17/lib/src.zip!/jdk.jdeps" type="simple" />
            <root url="jar://D:/software/Plugins/JDK17/lib/src.zip!/jdk.jlink" type="simple" />
            <root url="jar://D:/software/Plugins/JDK17/lib/src.zip!/jdk.zipfs" type="simple" />
            <root url="jar://D:/software/Plugins/JDK17/lib/src.zip!/java.prefs" type="simple" />
            <root url="jar://D:/software/Plugins/JDK17/lib/src.zip!/jdk.attach" type="simple" />
            <root url="jar://D:/software/Plugins/JDK17/lib/src.zip!/jdk.jshell" type="simple" />
            <root url="jar://D:/software/Plugins/JDK17/lib/src.zip!/jdk.jstatd" type="simple" />
            <root url="jar://D:/software/Plugins/JDK17/lib/src.zip!/jdk.random" type="simple" />
            <root url="jar://D:/software/Plugins/JDK17/lib/src.zip!/java.naming" type="simple" />
            <root url="jar://D:/software/Plugins/JDK17/lib/src.zip!/jdk.editpad" type="simple" />
            <root url="jar://D:/software/Plugins/JDK17/lib/src.zip!/jdk.jartool" type="simple" />
            <root url="jar://D:/software/Plugins/JDK17/lib/src.zip!/jdk.javadoc" type="simple" />
            <root url="jar://D:/software/Plugins/JDK17/lib/src.zip!/jdk.xml.dom" type="simple" />
            <root url="jar://D:/software/Plugins/JDK17/lib/src.zip!/java.desktop" type="simple" />
            <root url="jar://D:/software/Plugins/JDK17/lib/src.zip!/java.logging" type="simple" />
            <root url="jar://D:/software/Plugins/JDK17/lib/src.zip!/jdk.charsets" type="simple" />
            <root url="jar://D:/software/Plugins/JDK17/lib/src.zip!/jdk.compiler" type="simple" />
            <root url="jar://D:/software/Plugins/JDK17/lib/src.zip!/jdk.dynalink" type="simple" />
            <root url="jar://D:/software/Plugins/JDK17/lib/src.zip!/jdk.jconsole" type="simple" />
            <root url="jar://D:/software/Plugins/JDK17/lib/src.zip!/jdk.jpackage" type="simple" />
            <root url="jar://D:/software/Plugins/JDK17/lib/src.zip!/jdk.jsobject" type="simple" />
            <root url="jar://D:/software/Plugins/JDK17/lib/src.zip!/java.compiler" type="simple" />
            <root url="jar://D:/software/Plugins/JDK17/lib/src.zip!/java.net.http" type="simple" />
            <root url="jar://D:/software/Plugins/JDK17/lib/src.zip!/jdk.crypto.ec" type="simple" />
            <root url="jar://D:/software/Plugins/JDK17/lib/src.zip!/java.scripting" type="simple" />
            <root url="jar://D:/software/Plugins/JDK17/lib/src.zip!/jdk.httpserver" type="simple" />
            <root url="jar://D:/software/Plugins/JDK17/lib/src.zip!/jdk.jdwp.agent" type="simple" />
            <root url="jar://D:/software/Plugins/JDK17/lib/src.zip!/jdk.localedata" type="simple" />
            <root url="jar://D:/software/Plugins/JDK17/lib/src.zip!/jdk.management" type="simple" />
            <root url="jar://D:/software/Plugins/JDK17/lib/src.zip!/jdk.naming.dns" type="simple" />
            <root url="jar://D:/software/Plugins/JDK17/lib/src.zip!/jdk.naming.rmi" type="simple" />
            <root url="jar://D:/software/Plugins/JDK17/lib/src.zip!/java.instrument" type="simple" />
            <root url="jar://D:/software/Plugins/JDK17/lib/src.zip!/java.management" type="simple" />
            <root url="jar://D:/software/Plugins/JDK17/lib/src.zip!/java.sql.rowset" type="simple" />
            <root url="jar://D:/software/Plugins/JDK17/lib/src.zip!/java.xml.crypto" type="simple" />
            <root url="jar://D:/software/Plugins/JDK17/lib/src.zip!/jdk.internal.ed" type="simple" />
            <root url="jar://D:/software/Plugins/JDK17/lib/src.zip!/jdk.internal.le" type="simple" />
            <root url="jar://D:/software/Plugins/JDK17/lib/src.zip!/jdk.nio.mapmode" type="simple" />
            <root url="jar://D:/software/Plugins/JDK17/lib/src.zip!/jdk.unsupported" type="simple" />
            <root url="jar://D:/software/Plugins/JDK17/lib/src.zip!/java.smartcardio" type="simple" />
            <root url="jar://D:/software/Plugins/JDK17/lib/src.zip!/jdk.internal.opt" type="simple" />
            <root url="jar://D:/software/Plugins/JDK17/lib/src.zip!/java.datatransfer" type="simple" />
            <root url="jar://D:/software/Plugins/JDK17/lib/src.zip!/jdk.accessibility" type="simple" />
            <root url="jar://D:/software/Plugins/JDK17/lib/src.zip!/jdk.crypto.mscapi" type="simple" />
            <root url="jar://D:/software/Plugins/JDK17/lib/src.zip!/jdk.hotspot.agent" type="simple" />
            <root url="jar://D:/software/Plugins/JDK17/lib/src.zip!/jdk.security.auth" type="simple" />
            <root url="jar://D:/software/Plugins/JDK17/lib/src.zip!/jdk.security.jgss" type="simple" />
            <root url="jar://D:/software/Plugins/JDK17/lib/src.zip!/java.security.jgss" type="simple" />
            <root url="jar://D:/software/Plugins/JDK17/lib/src.zip!/java.security.sasl" type="simple" />
            <root url="jar://D:/software/Plugins/JDK17/lib/src.zip!/jdk.internal.vm.ci" type="simple" />
            <root url="jar://D:/software/Plugins/JDK17/lib/src.zip!/jdk.management.jfr" type="simple" />
            <root url="jar://D:/software/Plugins/JDK17/lib/src.zip!/java.management.rmi" type="simple" />
            <root url="jar://D:/software/Plugins/JDK17/lib/src.zip!/java.transaction.xa" type="simple" />
            <root url="jar://D:/software/Plugins/JDK17/lib/src.zip!/jdk.crypto.cryptoki" type="simple" />
            <root url="jar://D:/software/Plugins/JDK17/lib/src.zip!/jdk.incubator.vector" type="simple" />
            <root url="jar://D:/software/Plugins/JDK17/lib/src.zip!/jdk.internal.jvmstat" type="simple" />
            <root url="jar://D:/software/Plugins/JDK17/lib/src.zip!/jdk.management.agent" type="simple" />
            <root url="jar://D:/software/Plugins/JDK17/lib/src.zip!/jdk.incubator.foreign" type="simple" />
            <root url="jar://D:/software/Plugins/JDK17/lib/src.zip!/jdk.unsupported.desktop" type="simple" />
            <root url="jar://D:/software/Plugins/JDK17/lib/src.zip!/jdk.internal.vm.compiler" type="simple" />
            <root url="jar://D:/software/Plugins/JDK17/lib/src.zip!/jdk.internal.vm.compiler.management" type="simple" />
            <root url="jar://D:/software/Plugins/JDK/JDK17/lib/src.zip!/java.se" type="simple" />
            <root url="jar://D:/software/Plugins/JDK/JDK17/lib/src.zip!/jdk.jdi" type="simple" />
            <root url="jar://D:/software/Plugins/JDK/JDK17/lib/src.zip!/jdk.jfr" type="simple" />
            <root url="jar://D:/software/Plugins/JDK/JDK17/lib/src.zip!/jdk.net" type="simple" />
            <root url="jar://D:/software/Plugins/JDK/JDK17/lib/src.zip!/java.rmi" type="simple" />
            <root url="jar://D:/software/Plugins/JDK/JDK17/lib/src.zip!/java.sql" type="simple" />
            <root url="jar://D:/software/Plugins/JDK/JDK17/lib/src.zip!/java.xml" type="simple" />
            <root url="jar://D:/software/Plugins/JDK/JDK17/lib/src.zip!/jdk.jcmd" type="simple" />
            <root url="jar://D:/software/Plugins/JDK/JDK17/lib/src.zip!/jdk.sctp" type="simple" />
            <root url="jar://D:/software/Plugins/JDK/JDK17/lib/src.zip!/java.base" type="simple" />
            <root url="jar://D:/software/Plugins/JDK/JDK17/lib/src.zip!/jdk.jdeps" type="simple" />
            <root url="jar://D:/software/Plugins/JDK/JDK17/lib/src.zip!/jdk.jlink" type="simple" />
            <root url="jar://D:/software/Plugins/JDK/JDK17/lib/src.zip!/jdk.zipfs" type="simple" />
            <root url="jar://D:/software/Plugins/JDK/JDK17/lib/src.zip!/java.prefs" type="simple" />
            <root url="jar://D:/software/Plugins/JDK/JDK17/lib/src.zip!/jdk.attach" type="simple" />
            <root url="jar://D:/software/Plugins/JDK/JDK17/lib/src.zip!/jdk.jshell" type="simple" />
            <root url="jar://D:/software/Plugins/JDK/JDK17/lib/src.zip!/jdk.jstatd" type="simple" />
            <root url="jar://D:/software/Plugins/JDK/JDK17/lib/src.zip!/jdk.random" type="simple" />
            <root url="jar://D:/software/Plugins/JDK/JDK17/lib/src.zip!/java.naming" type="simple" />
            <root url="jar://D:/software/Plugins/JDK/JDK17/lib/src.zip!/jdk.editpad" type="simple" />
            <root url="jar://D:/software/Plugins/JDK/JDK17/lib/src.zip!/jdk.jartool" type="simple" />
            <root url="jar://D:/software/Plugins/JDK/JDK17/lib/src.zip!/jdk.javadoc" type="simple" />
            <root url="jar://D:/software/Plugins/JDK/JDK17/lib/src.zip!/jdk.xml.dom" type="simple" />
            <root url="jar://D:/software/Plugins/JDK/JDK17/lib/src.zip!/java.desktop" type="simple" />
            <root url="jar://D:/software/Plugins/JDK/JDK17/lib/src.zip!/java.logging" type="simple" />
            <root url="jar://D:/software/Plugins/JDK/JDK17/lib/src.zip!/jdk.charsets" type="simple" />
            <root url="jar://D:/software/Plugins/JDK/JDK17/lib/src.zip!/jdk.compiler" type="simple" />
            <root url="jar://D:/software/Plugins/JDK/JDK17/lib/src.zip!/jdk.dynalink" type="simple" />
            <root url="jar://D:/software/Plugins/JDK/JDK17/lib/src.zip!/jdk.jconsole" type="simple" />
            <root url="jar://D:/software/Plugins/JDK/JDK17/lib/src.zip!/jdk.jpackage" type="simple" />
            <root url="jar://D:/software/Plugins/JDK/JDK17/lib/src.zip!/jdk.jsobject" type="simple" />
            <root url="jar://D:/software/Plugins/JDK/JDK17/lib/src.zip!/java.compiler" type="simple" />
            <root url="jar://D:/software/Plugins/JDK/JDK17/lib/src.zip!/java.net.http" type="simple" />
            <root url="jar://D:/software/Plugins/JDK/JDK17/lib/src.zip!/jdk.crypto.ec" type="simple" />
            <root url="jar://D:/software/Plugins/JDK/JDK17/lib/src.zip!/java.scripting" type="simple" />
            <root url="jar://D:/software/Plugins/JDK/JDK17/lib/src.zip!/jdk.httpserver" type="simple" />
            <root url="jar://D:/software/Plugins/JDK/JDK17/lib/src.zip!/jdk.jdwp.agent" type="simple" />
            <root url="jar://D:/software/Plugins/JDK/JDK17/lib/src.zip!/jdk.localedata" type="simple" />
            <root url="jar://D:/software/Plugins/JDK/JDK17/lib/src.zip!/jdk.management" type="simple" />
            <root url="jar://D:/software/Plugins/JDK/JDK17/lib/src.zip!/jdk.naming.dns" type="simple" />
            <root url="jar://D:/software/Plugins/JDK/JDK17/lib/src.zip!/jdk.naming.rmi" type="simple" />
            <root url="jar://D:/software/Plugins/JDK/JDK17/lib/src.zip!/java.instrument" type="simple" />
            <root url="jar://D:/software/Plugins/JDK/JDK17/lib/src.zip!/java.management" type="simple" />
            <root url="jar://D:/software/Plugins/JDK/JDK17/lib/src.zip!/java.sql.rowset" type="simple" />
            <root url="jar://D:/software/Plugins/JDK/JDK17/lib/src.zip!/java.xml.crypto" type="simple" />
            <root url="jar://D:/software/Plugins/JDK/JDK17/lib/src.zip!/jdk.internal.ed" type="simple" />
            <root url="jar://D:/software/Plugins/JDK/JDK17/lib/src.zip!/jdk.internal.le" type="simple" />
            <root url="jar://D:/software/Plugins/JDK/JDK17/lib/src.zip!/jdk.nio.mapmode" type="simple" />
            <root url="jar://D:/software/Plugins/JDK/JDK17/lib/src.zip!/jdk.unsupported" type="simple" />
            <root url="jar://D:/software/Plugins/JDK/JDK17/lib/src.zip!/java.smartcardio" type="simple" />
            <root url="jar://D:/software/Plugins/JDK/JDK17/lib/src.zip!/jdk.internal.opt" type="simple" />
            <root url="jar://D:/software/Plugins/JDK/JDK17/lib/src.zip!/java.datatransfer" type="simple" />
            <root url="jar://D:/software/Plugins/JDK/JDK17/lib/src.zip!/jdk.accessibility" type="simple" />
            <root url="jar://D:/software/Plugins/JDK/JDK17/lib/src.zip!/jdk.crypto.mscapi" type="simple" />
            <root url="jar://D:/software/Plugins/JDK/JDK17/lib/src.zip!/jdk.hotspot.agent" type="simple" />
            <root url="jar://D:/software/Plugins/JDK/JDK17/lib/src.zip!/jdk.security.auth" type="simple" />
            <root url="jar://D:/software/Plugins/JDK/JDK17/lib/src.zip!/jdk.security.jgss" type="simple" />
            <root url="jar://D:/software/Plugins/JDK/JDK17/lib/src.zip!/java.security.jgss" type="simple" />
            <root url="jar://D:/software/Plugins/JDK/JDK17/lib/src.zip!/java.security.sasl" type="simple" />
            <root url="jar://D:/software/Plugins/JDK/JDK17/lib/src.zip!/jdk.internal.vm.ci" type="simple" />
            <root url="jar://D:/software/Plugins/JDK/JDK17/lib/src.zip!/jdk.management.jfr" type="simple" />
            <root url="jar://D:/software/Plugins/JDK/JDK17/lib/src.zip!/java.management.rmi" type="simple" />
            <root url="jar://D:/software/Plugins/JDK/JDK17/lib/src.zip!/java.transaction.xa" type="simple" />
            <root url="jar://D:/software/Plugins/JDK/JDK17/lib/src.zip!/jdk.crypto.cryptoki" type="simple" />
            <root url="jar://D:/software/Plugins/JDK/JDK17/lib/src.zip!/jdk.incubator.vector" type="simple" />
            <root url="jar://D:/software/Plugins/JDK/JDK17/lib/src.zip!/jdk.internal.jvmstat" type="simple" />
            <root url="jar://D:/software/Plugins/JDK/JDK17/lib/src.zip!/jdk.management.agent" type="simple" />
            <root url="jar://D:/software/Plugins/JDK/JDK17/lib/src.zip!/jdk.incubator.foreign" type="simple" />
            <root url="jar://D:/software/Plugins/JDK/JDK17/lib/src.zip!/jdk.unsupported.desktop" type="simple" />
            <root url="jar://D:/software/Plugins/JDK/JDK17/lib/src.zip!/jdk.internal.vm.compiler" type="simple" />
            <root url="jar://D:/software/Plugins/JDK/JDK17/lib/src.zip!/jdk.internal.vm.compiler.management" type="simple" />
          </root>
        </sourcePath>
      </roots>
    </jdk>
    <jdk version="2">
      <name value="graalvm-21" />
      <type value="JavaSDK" />
      <version value="GraalVM 21.0.7 - VM 23.1.7" />
      <homePath value="D:/software/Plugins/JDK/JDK21" />
      <roots>
        <annotationsPath>
          <root type="composite">
            <root url="jar://$APPLICATION_HOME_DIR$/plugins/java/lib/resources/jdkAnnotations.jar!/" type="simple" />
          </root>
        </annotationsPath>
        <classPath>
          <root type="composite">
            <root url="jrt://D:/software/Plugins/JDK/JDK21!/com.oracle.graal.graal_enterprise" type="simple" />
            <root url="jrt://D:/software/Plugins/JDK/JDK21!/com.oracle.svm.enterprise.truffle" type="simple" />
            <root url="jrt://D:/software/Plugins/JDK/JDK21!/com.oracle.svm.extraimage_enterprise" type="simple" />
            <root url="jrt://D:/software/Plugins/JDK/JDK21!/java.base" type="simple" />
            <root url="jrt://D:/software/Plugins/JDK/JDK21!/java.compiler" type="simple" />
            <root url="jrt://D:/software/Plugins/JDK/JDK21!/java.datatransfer" type="simple" />
            <root url="jrt://D:/software/Plugins/JDK/JDK21!/java.desktop" type="simple" />
            <root url="jrt://D:/software/Plugins/JDK/JDK21!/java.instrument" type="simple" />
            <root url="jrt://D:/software/Plugins/JDK/JDK21!/java.logging" type="simple" />
            <root url="jrt://D:/software/Plugins/JDK/JDK21!/java.management" type="simple" />
            <root url="jrt://D:/software/Plugins/JDK/JDK21!/java.management.rmi" type="simple" />
            <root url="jrt://D:/software/Plugins/JDK/JDK21!/java.naming" type="simple" />
            <root url="jrt://D:/software/Plugins/JDK/JDK21!/java.net.http" type="simple" />
            <root url="jrt://D:/software/Plugins/JDK/JDK21!/java.prefs" type="simple" />
            <root url="jrt://D:/software/Plugins/JDK/JDK21!/java.rmi" type="simple" />
            <root url="jrt://D:/software/Plugins/JDK/JDK21!/java.scripting" type="simple" />
            <root url="jrt://D:/software/Plugins/JDK/JDK21!/java.se" type="simple" />
            <root url="jrt://D:/software/Plugins/JDK/JDK21!/java.security.jgss" type="simple" />
            <root url="jrt://D:/software/Plugins/JDK/JDK21!/java.security.sasl" type="simple" />
            <root url="jrt://D:/software/Plugins/JDK/JDK21!/java.smartcardio" type="simple" />
            <root url="jrt://D:/software/Plugins/JDK/JDK21!/java.sql" type="simple" />
            <root url="jrt://D:/software/Plugins/JDK/JDK21!/java.sql.rowset" type="simple" />
            <root url="jrt://D:/software/Plugins/JDK/JDK21!/java.transaction.xa" type="simple" />
            <root url="jrt://D:/software/Plugins/JDK/JDK21!/java.xml" type="simple" />
            <root url="jrt://D:/software/Plugins/JDK/JDK21!/java.xml.crypto" type="simple" />
            <root url="jrt://D:/software/Plugins/JDK/JDK21!/jdk.accessibility" type="simple" />
            <root url="jrt://D:/software/Plugins/JDK/JDK21!/jdk.attach" type="simple" />
            <root url="jrt://D:/software/Plugins/JDK/JDK21!/jdk.charsets" type="simple" />
            <root url="jrt://D:/software/Plugins/JDK/JDK21!/jdk.compiler" type="simple" />
            <root url="jrt://D:/software/Plugins/JDK/JDK21!/jdk.crypto.cryptoki" type="simple" />
            <root url="jrt://D:/software/Plugins/JDK/JDK21!/jdk.crypto.ec" type="simple" />
            <root url="jrt://D:/software/Plugins/JDK/JDK21!/jdk.crypto.mscapi" type="simple" />
            <root url="jrt://D:/software/Plugins/JDK/JDK21!/jdk.dynalink" type="simple" />
            <root url="jrt://D:/software/Plugins/JDK/JDK21!/jdk.editpad" type="simple" />
            <root url="jrt://D:/software/Plugins/JDK/JDK21!/jdk.graal.compiler" type="simple" />
            <root url="jrt://D:/software/Plugins/JDK/JDK21!/jdk.graal.compiler.management" type="simple" />
            <root url="jrt://D:/software/Plugins/JDK/JDK21!/jdk.hotspot.agent" type="simple" />
            <root url="jrt://D:/software/Plugins/JDK/JDK21!/jdk.httpserver" type="simple" />
            <root url="jrt://D:/software/Plugins/JDK/JDK21!/jdk.incubator.vector" type="simple" />
            <root url="jrt://D:/software/Plugins/JDK/JDK21!/jdk.internal.ed" type="simple" />
            <root url="jrt://D:/software/Plugins/JDK/JDK21!/jdk.internal.jvmstat" type="simple" />
            <root url="jrt://D:/software/Plugins/JDK/JDK21!/jdk.internal.le" type="simple" />
            <root url="jrt://D:/software/Plugins/JDK/JDK21!/jdk.internal.opt" type="simple" />
            <root url="jrt://D:/software/Plugins/JDK/JDK21!/jdk.internal.vm.ci" type="simple" />
            <root url="jrt://D:/software/Plugins/JDK/JDK21!/jdk.internal.vm.compiler" type="simple" />
            <root url="jrt://D:/software/Plugins/JDK/JDK21!/jdk.internal.vm.compiler.management" type="simple" />
            <root url="jrt://D:/software/Plugins/JDK/JDK21!/jdk.jartool" type="simple" />
            <root url="jrt://D:/software/Plugins/JDK/JDK21!/jdk.javadoc" type="simple" />
            <root url="jrt://D:/software/Plugins/JDK/JDK21!/jdk.jcmd" type="simple" />
            <root url="jrt://D:/software/Plugins/JDK/JDK21!/jdk.jconsole" type="simple" />
            <root url="jrt://D:/software/Plugins/JDK/JDK21!/jdk.jdeps" type="simple" />
            <root url="jrt://D:/software/Plugins/JDK/JDK21!/jdk.jdi" type="simple" />
            <root url="jrt://D:/software/Plugins/JDK/JDK21!/jdk.jdwp.agent" type="simple" />
            <root url="jrt://D:/software/Plugins/JDK/JDK21!/jdk.jfr" type="simple" />
            <root url="jrt://D:/software/Plugins/JDK/JDK21!/jdk.jlink" type="simple" />
            <root url="jrt://D:/software/Plugins/JDK/JDK21!/jdk.jpackage" type="simple" />
            <root url="jrt://D:/software/Plugins/JDK/JDK21!/jdk.jshell" type="simple" />
            <root url="jrt://D:/software/Plugins/JDK/JDK21!/jdk.jsobject" type="simple" />
            <root url="jrt://D:/software/Plugins/JDK/JDK21!/jdk.jstatd" type="simple" />
            <root url="jrt://D:/software/Plugins/JDK/JDK21!/jdk.localedata" type="simple" />
            <root url="jrt://D:/software/Plugins/JDK/JDK21!/jdk.management" type="simple" />
            <root url="jrt://D:/software/Plugins/JDK/JDK21!/jdk.management.agent" type="simple" />
            <root url="jrt://D:/software/Plugins/JDK/JDK21!/jdk.management.jfr" type="simple" />
            <root url="jrt://D:/software/Plugins/JDK/JDK21!/jdk.naming.dns" type="simple" />
            <root url="jrt://D:/software/Plugins/JDK/JDK21!/jdk.naming.rmi" type="simple" />
            <root url="jrt://D:/software/Plugins/JDK/JDK21!/jdk.net" type="simple" />
            <root url="jrt://D:/software/Plugins/JDK/JDK21!/jdk.nio.mapmode" type="simple" />
            <root url="jrt://D:/software/Plugins/JDK/JDK21!/jdk.random" type="simple" />
            <root url="jrt://D:/software/Plugins/JDK/JDK21!/jdk.sctp" type="simple" />
            <root url="jrt://D:/software/Plugins/JDK/JDK21!/jdk.security.auth" type="simple" />
            <root url="jrt://D:/software/Plugins/JDK/JDK21!/jdk.security.jgss" type="simple" />
            <root url="jrt://D:/software/Plugins/JDK/JDK21!/jdk.unsupported" type="simple" />
            <root url="jrt://D:/software/Plugins/JDK/JDK21!/jdk.unsupported.desktop" type="simple" />
            <root url="jrt://D:/software/Plugins/JDK/JDK21!/jdk.xml.dom" type="simple" />
            <root url="jrt://D:/software/Plugins/JDK/JDK21!/jdk.zipfs" type="simple" />
            <root url="jrt://D:/software/Plugins/JDK/JDK21!/org.graalvm.collections" type="simple" />
            <root url="jrt://D:/software/Plugins/JDK/JDK21!/org.graalvm.extraimage.builder" type="simple" />
            <root url="jrt://D:/software/Plugins/JDK/JDK21!/org.graalvm.nativeimage" type="simple" />
            <root url="jrt://D:/software/Plugins/JDK/JDK21!/org.graalvm.nativeimage.llvm" type="simple" />
            <root url="jrt://D:/software/Plugins/JDK/JDK21!/org.graalvm.truffle.compiler" type="simple" />
            <root url="jrt://D:/software/Plugins/JDK/JDK21!/org.graalvm.word" type="simple" />
          </root>
        </classPath>
        <javadocPath>
          <root type="composite" />
        </javadocPath>
        <sourcePath>
          <root type="composite">
            <root url="jar://D:/software/Plugins/JDK/JDK21/lib/src.zip!/java.se" type="simple" />
            <root url="jar://D:/software/Plugins/JDK/JDK21/lib/src.zip!/jdk.jdi" type="simple" />
            <root url="jar://D:/software/Plugins/JDK/JDK21/lib/src.zip!/jdk.jfr" type="simple" />
            <root url="jar://D:/software/Plugins/JDK/JDK21/lib/src.zip!/jdk.net" type="simple" />
            <root url="jar://D:/software/Plugins/JDK/JDK21/lib/src.zip!/java.rmi" type="simple" />
            <root url="jar://D:/software/Plugins/JDK/JDK21/lib/src.zip!/java.sql" type="simple" />
            <root url="jar://D:/software/Plugins/JDK/JDK21/lib/src.zip!/java.xml" type="simple" />
            <root url="jar://D:/software/Plugins/JDK/JDK21/lib/src.zip!/jdk.jcmd" type="simple" />
            <root url="jar://D:/software/Plugins/JDK/JDK21/lib/src.zip!/jdk.sctp" type="simple" />
            <root url="jar://D:/software/Plugins/JDK/JDK21/lib/src.zip!/java.base" type="simple" />
            <root url="jar://D:/software/Plugins/JDK/JDK21/lib/src.zip!/jdk.jdeps" type="simple" />
            <root url="jar://D:/software/Plugins/JDK/JDK21/lib/src.zip!/jdk.jlink" type="simple" />
            <root url="jar://D:/software/Plugins/JDK/JDK21/lib/src.zip!/jdk.zipfs" type="simple" />
            <root url="jar://D:/software/Plugins/JDK/JDK21/lib/src.zip!/java.prefs" type="simple" />
            <root url="jar://D:/software/Plugins/JDK/JDK21/lib/src.zip!/jdk.attach" type="simple" />
            <root url="jar://D:/software/Plugins/JDK/JDK21/lib/src.zip!/jdk.jshell" type="simple" />
            <root url="jar://D:/software/Plugins/JDK/JDK21/lib/src.zip!/jdk.jstatd" type="simple" />
            <root url="jar://D:/software/Plugins/JDK/JDK21/lib/src.zip!/jdk.random" type="simple" />
            <root url="jar://D:/software/Plugins/JDK/JDK21/lib/src.zip!/java.naming" type="simple" />
            <root url="jar://D:/software/Plugins/JDK/JDK21/lib/src.zip!/jdk.editpad" type="simple" />
            <root url="jar://D:/software/Plugins/JDK/JDK21/lib/src.zip!/jdk.jartool" type="simple" />
            <root url="jar://D:/software/Plugins/JDK/JDK21/lib/src.zip!/jdk.javadoc" type="simple" />
            <root url="jar://D:/software/Plugins/JDK/JDK21/lib/src.zip!/jdk.xml.dom" type="simple" />
            <root url="jar://D:/software/Plugins/JDK/JDK21/lib/src.zip!/java.desktop" type="simple" />
            <root url="jar://D:/software/Plugins/JDK/JDK21/lib/src.zip!/java.logging" type="simple" />
            <root url="jar://D:/software/Plugins/JDK/JDK21/lib/src.zip!/jdk.charsets" type="simple" />
            <root url="jar://D:/software/Plugins/JDK/JDK21/lib/src.zip!/jdk.compiler" type="simple" />
            <root url="jar://D:/software/Plugins/JDK/JDK21/lib/src.zip!/jdk.dynalink" type="simple" />
            <root url="jar://D:/software/Plugins/JDK/JDK21/lib/src.zip!/jdk.jconsole" type="simple" />
            <root url="jar://D:/software/Plugins/JDK/JDK21/lib/src.zip!/jdk.jpackage" type="simple" />
            <root url="jar://D:/software/Plugins/JDK/JDK21/lib/src.zip!/jdk.jsobject" type="simple" />
            <root url="jar://D:/software/Plugins/JDK/JDK21/lib/src.zip!/java.compiler" type="simple" />
            <root url="jar://D:/software/Plugins/JDK/JDK21/lib/src.zip!/java.net.http" type="simple" />
            <root url="jar://D:/software/Plugins/JDK/JDK21/lib/src.zip!/jdk.crypto.ec" type="simple" />
            <root url="jar://D:/software/Plugins/JDK/JDK21/lib/src.zip!/java.scripting" type="simple" />
            <root url="jar://D:/software/Plugins/JDK/JDK21/lib/src.zip!/jdk.httpserver" type="simple" />
            <root url="jar://D:/software/Plugins/JDK/JDK21/lib/src.zip!/jdk.jdwp.agent" type="simple" />
            <root url="jar://D:/software/Plugins/JDK/JDK21/lib/src.zip!/jdk.localedata" type="simple" />
            <root url="jar://D:/software/Plugins/JDK/JDK21/lib/src.zip!/jdk.management" type="simple" />
            <root url="jar://D:/software/Plugins/JDK/JDK21/lib/src.zip!/jdk.naming.dns" type="simple" />
            <root url="jar://D:/software/Plugins/JDK/JDK21/lib/src.zip!/jdk.naming.rmi" type="simple" />
            <root url="jar://D:/software/Plugins/JDK/JDK21/lib/src.zip!/java.instrument" type="simple" />
            <root url="jar://D:/software/Plugins/JDK/JDK21/lib/src.zip!/java.management" type="simple" />
            <root url="jar://D:/software/Plugins/JDK/JDK21/lib/src.zip!/java.sql.rowset" type="simple" />
            <root url="jar://D:/software/Plugins/JDK/JDK21/lib/src.zip!/java.xml.crypto" type="simple" />
            <root url="jar://D:/software/Plugins/JDK/JDK21/lib/src.zip!/jdk.internal.ed" type="simple" />
            <root url="jar://D:/software/Plugins/JDK/JDK21/lib/src.zip!/jdk.internal.le" type="simple" />
            <root url="jar://D:/software/Plugins/JDK/JDK21/lib/src.zip!/jdk.nio.mapmode" type="simple" />
            <root url="jar://D:/software/Plugins/JDK/JDK21/lib/src.zip!/jdk.unsupported" type="simple" />
            <root url="jar://D:/software/Plugins/JDK/JDK21/lib/src.zip!/java.smartcardio" type="simple" />
            <root url="jar://D:/software/Plugins/JDK/JDK21/lib/src.zip!/jdk.internal.opt" type="simple" />
            <root url="jar://D:/software/Plugins/JDK/JDK21/lib/src.zip!/org.graalvm.word" type="simple" />
            <root url="jar://D:/software/Plugins/JDK/JDK21/lib/src.zip!/java.datatransfer" type="simple" />
            <root url="jar://D:/software/Plugins/JDK/JDK21/lib/src.zip!/jdk.accessibility" type="simple" />
            <root url="jar://D:/software/Plugins/JDK/JDK21/lib/src.zip!/jdk.crypto.mscapi" type="simple" />
            <root url="jar://D:/software/Plugins/JDK/JDK21/lib/src.zip!/jdk.hotspot.agent" type="simple" />
            <root url="jar://D:/software/Plugins/JDK/JDK21/lib/src.zip!/jdk.security.auth" type="simple" />
            <root url="jar://D:/software/Plugins/JDK/JDK21/lib/src.zip!/jdk.security.jgss" type="simple" />
            <root url="jar://D:/software/Plugins/JDK/JDK21/lib/src.zip!/java.security.jgss" type="simple" />
            <root url="jar://D:/software/Plugins/JDK/JDK21/lib/src.zip!/java.security.sasl" type="simple" />
            <root url="jar://D:/software/Plugins/JDK/JDK21/lib/src.zip!/jdk.graal.compiler" type="simple" />
            <root url="jar://D:/software/Plugins/JDK/JDK21/lib/src.zip!/jdk.internal.vm.ci" type="simple" />
            <root url="jar://D:/software/Plugins/JDK/JDK21/lib/src.zip!/jdk.management.jfr" type="simple" />
            <root url="jar://D:/software/Plugins/JDK/JDK21/lib/src.zip!/java.management.rmi" type="simple" />
            <root url="jar://D:/software/Plugins/JDK/JDK21/lib/src.zip!/java.transaction.xa" type="simple" />
            <root url="jar://D:/software/Plugins/JDK/JDK21/lib/src.zip!/jdk.crypto.cryptoki" type="simple" />
            <root url="jar://D:/software/Plugins/JDK/JDK21/lib/src.zip!/jdk.incubator.vector" type="simple" />
            <root url="jar://D:/software/Plugins/JDK/JDK21/lib/src.zip!/jdk.internal.jvmstat" type="simple" />
            <root url="jar://D:/software/Plugins/JDK/JDK21/lib/src.zip!/jdk.management.agent" type="simple" />
            <root url="jar://D:/software/Plugins/JDK/JDK21/lib/src.zip!/jdk.unsupported.desktop" type="simple" />
            <root url="jar://D:/software/Plugins/JDK/JDK21/lib/src.zip!/org.graalvm.collections" type="simple" />
            <root url="jar://D:/software/Plugins/JDK/JDK21/lib/src.zip!/org.graalvm.nativeimage" type="simple" />
            <root url="jar://D:/software/Plugins/JDK/JDK21/lib/src.zip!/jdk.internal.vm.compiler" type="simple" />
            <root url="jar://D:/software/Plugins/JDK/JDK21/lib/src.zip!/org.graalvm.nativeimage.llvm" type="simple" />
            <root url="jar://D:/software/Plugins/JDK/JDK21/lib/src.zip!/org.graalvm.truffle.compiler" type="simple" />
            <root url="jar://D:/software/Plugins/JDK/JDK21/lib/src.zip!/jdk.graal.compiler.management" type="simple" />
            <root url="jar://D:/software/Plugins/JDK/JDK21/lib/src.zip!/org.graalvm.extraimage.builder" type="simple" />
            <root url="jar://D:/software/Plugins/JDK/JDK21/lib/src.zip!/com.oracle.graal.graal_enterprise" type="simple" />
            <root url="jar://D:/software/Plugins/JDK/JDK21/lib/src.zip!/com.oracle.svm.enterprise.truffle" type="simple" />
            <root url="jar://D:/software/Plugins/JDK/JDK21/lib/src.zip!/jdk.internal.vm.compiler.management" type="simple" />
            <root url="jar://D:/software/Plugins/JDK/JDK21/lib/src.zip!/com.oracle.svm.extraimage_enterprise" type="simple" />
          </root>
        </sourcePath>
      </roots>
    </jdk>
    <jdk version="2">
      <name value="jbr-21" />
      <type value="JavaSDK" />
      <version value="JetBrains Runtime 21.0.9" />
      <homePath value="$APPLICATION_HOME_DIR$/jbr" />
      <roots>
        <annotationsPath>
          <root type="composite">
            <root url="jar://$APPLICATION_HOME_DIR$/plugins/java/lib/resources/jdkAnnotations.jar!/" type="simple" />
          </root>
        </annotationsPath>
        <classPath>
          <root type="composite">
            <root url="jrt://$APPLICATION_HOME_DIR$/jbr!/gluegen.rt" type="simple" />
            <root url="jrt://$APPLICATION_HOME_DIR$/jbr!/java.base" type="simple" />
            <root url="jrt://$APPLICATION_HOME_DIR$/jbr!/java.compiler" type="simple" />
            <root url="jrt://$APPLICATION_HOME_DIR$/jbr!/java.datatransfer" type="simple" />
            <root url="jrt://$APPLICATION_HOME_DIR$/jbr!/java.desktop" type="simple" />
            <root url="jrt://$APPLICATION_HOME_DIR$/jbr!/java.instrument" type="simple" />
            <root url="jrt://$APPLICATION_HOME_DIR$/jbr!/java.logging" type="simple" />
            <root url="jrt://$APPLICATION_HOME_DIR$/jbr!/java.management" type="simple" />
            <root url="jrt://$APPLICATION_HOME_DIR$/jbr!/java.management.rmi" type="simple" />
            <root url="jrt://$APPLICATION_HOME_DIR$/jbr!/java.naming" type="simple" />
            <root url="jrt://$APPLICATION_HOME_DIR$/jbr!/java.net.http" type="simple" />
            <root url="jrt://$APPLICATION_HOME_DIR$/jbr!/java.prefs" type="simple" />
            <root url="jrt://$APPLICATION_HOME_DIR$/jbr!/java.rmi" type="simple" />
            <root url="jrt://$APPLICATION_HOME_DIR$/jbr!/java.scripting" type="simple" />
            <root url="jrt://$APPLICATION_HOME_DIR$/jbr!/java.se" type="simple" />
            <root url="jrt://$APPLICATION_HOME_DIR$/jbr!/java.security.jgss" type="simple" />
            <root url="jrt://$APPLICATION_HOME_DIR$/jbr!/java.security.sasl" type="simple" />
            <root url="jrt://$APPLICATION_HOME_DIR$/jbr!/java.smartcardio" type="simple" />
            <root url="jrt://$APPLICATION_HOME_DIR$/jbr!/java.sql" type="simple" />
            <root url="jrt://$APPLICATION_HOME_DIR$/jbr!/java.sql.rowset" type="simple" />
            <root url="jrt://$APPLICATION_HOME_DIR$/jbr!/java.transaction.xa" type="simple" />
            <root url="jrt://$APPLICATION_HOME_DIR$/jbr!/java.xml" type="simple" />
            <root url="jrt://$APPLICATION_HOME_DIR$/jbr!/java.xml.crypto" type="simple" />
            <root url="jrt://$APPLICATION_HOME_DIR$/jbr!/jcef" type="simple" />
            <root url="jrt://$APPLICATION_HOME_DIR$/jbr!/jdk.accessibility" type="simple" />
            <root url="jrt://$APPLICATION_HOME_DIR$/jbr!/jdk.attach" type="simple" />
            <root url="jrt://$APPLICATION_HOME_DIR$/jbr!/jdk.charsets" type="simple" />
            <root url="jrt://$APPLICATION_HOME_DIR$/jbr!/jdk.compiler" type="simple" />
            <root url="jrt://$APPLICATION_HOME_DIR$/jbr!/jdk.crypto.cryptoki" type="simple" />
            <root url="jrt://$APPLICATION_HOME_DIR$/jbr!/jdk.crypto.ec" type="simple" />
            <root url="jrt://$APPLICATION_HOME_DIR$/jbr!/jdk.crypto.mscapi" type="simple" />
            <root url="jrt://$APPLICATION_HOME_DIR$/jbr!/jdk.dynalink" type="simple" />
            <root url="jrt://$APPLICATION_HOME_DIR$/jbr!/jdk.hotspot.agent" type="simple" />
            <root url="jrt://$APPLICATION_HOME_DIR$/jbr!/jdk.httpserver" type="simple" />
            <root url="jrt://$APPLICATION_HOME_DIR$/jbr!/jdk.internal.ed" type="simple" />
            <root url="jrt://$APPLICATION_HOME_DIR$/jbr!/jdk.internal.jvmstat" type="simple" />
            <root url="jrt://$APPLICATION_HOME_DIR$/jbr!/jdk.internal.le" type="simple" />
            <root url="jrt://$APPLICATION_HOME_DIR$/jbr!/jdk.internal.opt" type="simple" />
            <root url="jrt://$APPLICATION_HOME_DIR$/jbr!/jdk.internal.vm.ci" type="simple" />
            <root url="jrt://$APPLICATION_HOME_DIR$/jbr!/jdk.javadoc" type="simple" />
            <root url="jrt://$APPLICATION_HOME_DIR$/jbr!/jdk.jcmd" type="simple" />
            <root url="jrt://$APPLICATION_HOME_DIR$/jbr!/jdk.jdi" type="simple" />
            <root url="jrt://$APPLICATION_HOME_DIR$/jbr!/jdk.jdwp.agent" type="simple" />
            <root url="jrt://$APPLICATION_HOME_DIR$/jbr!/jdk.jfr" type="simple" />
            <root url="jrt://$APPLICATION_HOME_DIR$/jbr!/jdk.jsobject" type="simple" />
            <root url="jrt://$APPLICATION_HOME_DIR$/jbr!/jdk.localedata" type="simple" />
            <root url="jrt://$APPLICATION_HOME_DIR$/jbr!/jdk.management" type="simple" />
            <root url="jrt://$APPLICATION_HOME_DIR$/jbr!/jdk.management.agent" type="simple" />
            <root url="jrt://$APPLICATION_HOME_DIR$/jbr!/jdk.management.jfr" type="simple" />
            <root url="jrt://$APPLICATION_HOME_DIR$/jbr!/jdk.naming.dns" type="simple" />
            <root url="jrt://$APPLICATION_HOME_DIR$/jbr!/jdk.naming.rmi" type="simple" />
            <root url="jrt://$APPLICATION_HOME_DIR$/jbr!/jdk.net" type="simple" />
            <root url="jrt://$APPLICATION_HOME_DIR$/jbr!/jdk.sctp" type="simple" />
            <root url="jrt://$APPLICATION_HOME_DIR$/jbr!/jdk.security.auth" type="simple" />
            <root url="jrt://$APPLICATION_HOME_DIR$/jbr!/jdk.security.jgss" type="simple" />
            <root url="jrt://$APPLICATION_HOME_DIR$/jbr!/jdk.unsupported" type="simple" />
            <root url="jrt://$APPLICATION_HOME_DIR$/jbr!/jdk.unsupported.desktop" type="simple" />
            <root url="jrt://$APPLICATION_HOME_DIR$/jbr!/jdk.xml.dom" type="simple" />
            <root url="jrt://$APPLICATION_HOME_DIR$/jbr!/jdk.zipfs" type="simple" />
            <root url="jrt://$APPLICATION_HOME_DIR$/jbr!/jogl.all" type="simple" />
          </root>
        </classPath>
        <javadocPath>
          <root type="composite">
            <root url="https://docs.oracle.com/en/java/javase/21/docs/api/" type="simple" />
          </root>
        </javadocPath>
        <sourcePath>
          <root type="composite" />
        </sourcePath>
      </roots>
    </jdk>
    <jdk version="2">
      <name value="Android API 29 Platform" />
      <type value="Android SDK" />
      <homePath value="D:/software/Plugins/Android/SDK" />
      <roots>
        <annotationsPath>
          <root type="composite">
            <root url="jar://D:/software/Plugins/Android/SDK/platforms/android-35/data/annotations.zip!/" type="simple" />
          </root>
        </annotationsPath>
        <classPath>
          <root type="composite">
            <root url="jar://D:/software/Plugins/Android/SDK/platforms/android-35/android.jar!/" type="simple" />
            <root url="file://D:/software/Plugins/Android/SDK/platforms/android-35/data/res" type="simple" />
          </root>
        </classPath>
        <javadocPath>
          <root type="composite" />
        </javadocPath>
        <sourcePath>
          <root type="composite">
            <root url="file://D:/software/Plugins/Android/SDK/sources/android-35" type="simple" />
          </root>
        </sourcePath>
      </roots>
      <additional sdk="android-35" />
    </jdk>
    <jdk version="2">
      <name value="Android API 35, extension level 13 Platform" />
      <type value="Android SDK" />
      <homePath value="D:/software/Plugins/Android/SDK" />
      <roots>
        <annotationsPath>
          <root type="composite">
            <root url="jar://D:/software/Plugins/Android/SDK/platforms/android-35/data/annotations.zip!/" type="simple" />
          </root>
        </annotationsPath>
        <classPath>
          <root type="composite">
            <root url="jar://D:/software/Plugins/Android/SDK/platforms/android-35/android.jar!/" type="simple" />
            <root url="file://D:/software/Plugins/Android/SDK/platforms/android-35/data/res" type="simple" />
          </root>
        </classPath>
        <javadocPath>
          <root type="composite" />
        </javadocPath>
        <sourcePath>
          <root type="composite">
            <root url="file://D:/software/Plugins/Android/SDK/sources/android-35" type="simple" />
          </root>
        </sourcePath>
      </roots>
      <additional sdk="android-35" />
    </jdk>
  </component>
</application>