<application>
  <component name="RemoteServers">
    <remote-server name="Docker" type="docker">
      <configuration>
        <option name="apiUrl" value="http://127.0.0.1" />
        <option name="autoDetectExePaths" value="true" />
        <option name="certificatesPath" />
        <option name="connected" value="true" />
        <entry contributedKey="DockerSshConnectionConfigurator.SshConfigId" value="13aa5683-cc77-402f-963b-5a18a2bcef84" />
        <option name="customConfiguratorId" value="DockerSshConnectionConfigurator" />
        <option name="dockerComposeExePath" value="/usr/bin/docker" />
        <option name="dockerExePath" value="/usr/bin/docker" />
      </configuration>
    </remote-server>
    <remote-server name="本地" type="docker">
      <configuration>
        <option name="apiUrl" value="http://127.0.0.1" />
        <option name="autoDetectExePaths" value="true" />
        <option name="certificatesPath" />
        <option name="connected" value="true" />
        <entry contributedKey="DockerSshConnectionConfigurator.SshConfigId" value="13aa5683-cc77-402f-963b-5a18a2bcef84" />
        <option name="customConfiguratorId" value="DockerSshConnectionConfigurator" />
        <option name="dockerComposeExePath" value="/usr/bin/docker" />
        <option name="dockerExePath" value="/usr/bin/docker" />
      </configuration>
    </remote-server>
  </component>
</application>