<application>
  <component name="Trusted.Paths">
    <option name="TRUSTED_PROJECT_PATHS">
      <map>
        <entry key="$USER_HOME$/develop/OpenSource/Auth/auth-server-v0.2" value="true" />
        <entry key="$USER_HOME$/develop/OpenSource/generator-code-server" value="true" />
        <entry key="$USER_HOME$/develop/Web/notify-error-demo" value="true" />
        <entry key="C:\Users\13199\Downloads\bunny-admin-server" value="true" />
        <entry key="C:\Users\Bunny\Downloads\bunny-admin-server" value="true" />
        <entry key="D:\Project\Code\Android\flutter_demo1" value="true" />
        <entry key="D:\Project\Code\Android\flutter_demo2" value="true" />
        <entry key="D:\Project\Code\Android\flutter_heima" value="true" />
        <entry key="D:\Project\Code\Java\Study\drools" value="true" />
        <entry key="D:\Project\FullStack\Auth\auth-server" value="true" />
        <entry key="D:\Project\FullStack\Auth\auth-server-annotation" value="true" />
        <entry key="D:\Project\FullStack\Auth\old\auth-server" value="true" />
        <entry key="D:\Project\FullStack\GeneratorCode\generator-code-serve" value="true" />
        <entry key="D:\Project\FullStack\GeneratorCode\generator-code-serve-v2" value="true" />
        <entry key="D:\Project\Gitee\RuoYi" value="true" />
        <entry key="D:\Project\Gitee\RuoYi-Cloud" value="true" />
        <entry key="D:\Project\Project\BigScreen\vehicle-monitor-server" value="true" />
        <entry key="D:\Project\Project\FullStack\Auth\auth-server-java" value="true" />
        <entry key="D:\Project\Project\FullStack\Auth\generator-code" value="true" />
        <entry key="D:\Project\Project\FullStack\BigScreen\vehicle-monitor-server" value="true" />
        <entry key="D:\Project\Project\FullStack\GeneratorCode\generator-code-server" value="true" />
        <entry key="D:\Project\Project\Web\Bunny-Cli\template\Java\security-server" value="true" />
        <entry key="D:\Project\Project\auth\auth-server-java" value="true" />
        <entry key="D:\Project\Study\Java\vue-java-tutorials\cloud-demo" value="true" />
        <entry key="D:\Project\Study\Java\vue-java-tutorials\lang-chain-4j" value="true" />
        <entry key="D:\Project\Study\Java\vue-java-tutorials\redis" value="true" />
        <entry key="D:\Temp\auth-server-annotation-temp" value="true" />
      </map>
    </option>
  </component>
  <component name="Trusted.Paths.Settings">
    <option name="TRUSTED_PATHS">
      <list>
        <option value="D:\Project\Project\BigScreen" />
        <option value="D:\Project\Project\auth" />
        <option value="D:\Project\Project\FullStack\BigScreen" />
        <option value="D:\Project\Project\FullStack\Auth" />
        <option value="D:\Project\Code\Android" />
        <option value="D:\Project\Project\Web\Bunny-Cli\template\Java" />
        <option value="D:\Project\Project\FullStack\GeneratorCode" />
        <option value="D:\Project\Gitee" />
        <option value="C:\Users\13199\Downloads" />
        <option value="D:\Project\FullStack\Auth" />
        <option value="D:\Project\Study\Java\vue-java-tutorials" />
        <option value="D:\Project\FullStack\GeneratorCode" />
        <option value="$USER_HOME$/develop/Web" />
        <option value="$USER_HOME$/develop/OpenSource" />
      </list>
    </option>
  </component>
</application>