<application>
  <component name="DimensionService">
    <location key="find.popup.0.0.2560.1440" x="1122" y="262" />
    <size key="GridCell.Tab.0.left.0.0.2560.1440" width="2437" height="532" />
    <size key="GridCell.Tab.0.center.0.0.2560.1440" width="2437" height="532" />
    <size key="GridCell.Tab.0.right.0.0.2560.1440" width="2437" height="532" />
    <size key="GridCell.Tab.0.bottom.0.0.2560.1440" width="2437" height="532" />
    <size key="GridCell.Tab.1.left.0.0.2560.1440" width="2033" height="532" />
    <size key="GridCell.Tab.1.center.0.0.2560.1440" width="2033" height="532" />
    <size key="GridCell.Tab.1.right.0.0.2560.1440" width="2033" height="532" />
    <size key="GridCell.Tab.1.bottom.0.0.2560.1440" width="2033" height="532" />
    <size key="GridCell.Tab.2.left.0.0.2560.1440" width="2033" height="532" />
    <size key="GridCell.Tab.2.center.0.0.2560.1440" width="2033" height="532" />
    <size key="GridCell.Tab.2.right.0.0.2560.1440" width="2033" height="532" />
    <size key="GridCell.Tab.2.bottom.0.0.2560.1440" width="2033" height="532" />
    <size key="GridCell.Tab.3.left.0.0.2560.1440" width="2033" height="532" />
    <size key="GridCell.Tab.3.center.0.0.2560.1440" width="2033" height="532" />
    <size key="GridCell.Tab.3.right.0.0.2560.1440" width="2033" height="532" />
    <size key="GridCell.Tab.3.bottom.0.0.2560.1440" width="2033" height="532" />
    <size key="GridCell.Tab.4.left.0.0.2560.1440" width="2033" height="532" />
    <size key="GridCell.Tab.4.center.0.0.2560.1440" width="2033" height="532" />
    <size key="GridCell.Tab.4.right.0.0.2560.1440" width="2033" height="532" />
    <size key="GridCell.Tab.4.bottom.0.0.2560.1440" width="2033" height="532" />
    <size key="GridCell.Tab.5.left.0.0.2560.1440" width="2033" height="532" />
    <size key="GridCell.Tab.5.center.0.0.2560.1440" width="2033" height="532" />
    <size key="GridCell.Tab.5.right.0.0.2560.1440" width="2033" height="532" />
    <size key="GridCell.Tab.5.bottom.0.0.2560.1440" width="2033" height="532" />
    <size key="GridCell.Tab.0.left.-1920.-69.1920.1080" width="1261" height="351" />
    <size key="GridCell.Tab.0.center.-1920.-69.1920.1080" width="1261" height="351" />
    <size key="GridCell.Tab.0.right.-1920.-69.1920.1080" width="1261" height="351" />
    <size key="GridCell.Tab.0.bottom.-1920.-69.1920.1080" width="1261" height="351" />
    <size key="GridCell.Tab.1.left.-1920.-69.1920.1080" width="1261" height="351" />
    <size key="GridCell.Tab.1.center.-1920.-69.1920.1080" width="1261" height="351" />
    <size key="GridCell.Tab.1.right.-1920.-69.1920.1080" width="1261" height="351" />
    <size key="GridCell.Tab.1.bottom.-1920.-69.1920.1080" width="1261" height="351" />
    <size key="GridCell.Tab.2.left.-1920.-69.1920.1080" width="1261" height="351" />
    <size key="GridCell.Tab.2.center.-1920.-69.1920.1080" width="1261" height="351" />
    <size key="GridCell.Tab.2.right.-1920.-69.1920.1080" width="1261" height="351" />
    <size key="GridCell.Tab.2.bottom.-1920.-69.1920.1080" width="1261" height="351" />
    <size key="GridCell.Tab.3.left.-1920.-69.1920.1080" width="1261" height="351" />
    <size key="GridCell.Tab.3.center.-1920.-69.1920.1080" width="1261" height="351" />
    <size key="GridCell.Tab.3.right.-1920.-69.1920.1080" width="1261" height="351" />
    <size key="GridCell.Tab.3.bottom.-1920.-69.1920.1080" width="1261" height="351" />
    <size key="GridCell.Tab.4.left.-1920.-69.1920.1080" width="1261" height="351" />
    <size key="GridCell.Tab.4.center.-1920.-69.1920.1080" width="1261" height="351" />
    <size key="GridCell.Tab.4.right.-1920.-69.1920.1080" width="1261" height="351" />
    <size key="GridCell.Tab.4.bottom.-1920.-69.1920.1080" width="1261" height="351" />
    <size key="GridCell.Tab.5.left.-1920.-69.1920.1080" width="1286" height="311" />
    <size key="GridCell.Tab.5.center.-1920.-69.1920.1080" width="1286" height="311" />
    <size key="GridCell.Tab.5.right.-1920.-69.1920.1080" width="1286" height="311" />
    <size key="GridCell.Tab.5.bottom.-1920.-69.1920.1080" width="1286" height="311" />
    <size key="find.popup.0.0.2560.1440" width="731" height="620" />
    <size key="GridCell.Tab.-1.left.0.0.2560.1440" width="2014" height="408" />
    <size key="GridCell.Tab.-1.center.0.0.2560.1440" width="2014" height="408" />
    <size key="GridCell.Tab.-1.right.0.0.2560.1440" width="2014" height="408" />
    <size key="GridCell.Tab.-1.bottom.0.0.2560.1440" width="2014" height="408" />
  </component>
  <component name="WindowManager">
    <frame x="628" y="469" width="1400" height="1000" />
  </component>
  <component name="WindowStateApplicationService">
    <state width="668" height="322" key="ShowUsagesActions.dimensionServiceKey" timestamp="1766584807647">
      <screen x="0" y="0" width="2560" height="1396" />
    </state>
    <state width="755" height="125" key="ShowUsagesActions.dimensionServiceKey/-1920.0.1920.1032/0.0.2560.1392" timestamp="1759669628660" />
    <state width="689" height="105" key="ShowUsagesActions.dimensionServiceKey/0.0.2560.1392" timestamp="1764607292754" />
    <state width="668" height="322" key="ShowUsagesActions.dimensionServiceKey/0.0.2560.1396" timestamp="1766584807647" />
    <state width="300" height="300" key="Vcs.CompareWithSelectedRevision.Popup" timestamp="1763835615314">
      <screen x="0" y="0" width="2560" height="1392" />
    </state>
    <state width="300" height="300" key="Vcs.CompareWithSelectedRevision.Popup/0.0.2560.1392" timestamp="1763835615314" />
    <state width="300" height="522" key="manage.recent.projects.popup" timestamp="1763050804234">
      <screen x="0" y="0" width="2560" height="1392" />
    </state>
    <state width="300" height="522" key="manage.recent.projects.popup/0.0.2560.1392" timestamp="1763050804234" />
  </component>
</application>