<application>
  <component name="NodeJsLocalInterpreterManager">
    <local-interpreter path="C:/Program Files/nodejs/node.exe">
      <version-cache last-modified="0" />
    </local-interpreter>
    <local-interpreter path="$USER_HOME$/.nvm/versions/node/v24.12.0/bin/node">
      <version-cache version="24.12.0" last-modified="1765374857000" />
    </local-interpreter>
    <local-interpreter path="$USER_HOME$/.nvm/versions/node/v22.21.1/bin/node">
      <version-cache version="22.21.1" last-modified="1761629002000" />
    </local-interpreter>
    <local-interpreter path="$USER_HOME$/.nvm/versions/node/v20.19.6/bin/node">
      <version-cache version="20.19.6" last-modified="1764069997000" />
    </local-interpreter>
    <local-interpreter path="/bin/node">
      <version-cache version="20.19.4" last-modified="1755710321000" />
    </local-interpreter>
    <local-interpreter path="/usr/bin/node">
      <version-cache version="20.19.4" last-modified="1755710321000" />
    </local-interpreter>
  </component>
</application>