<application>
  <component name="ProjectManager">
    <defaultProject>
      <component name="PropertiesComponent"><![CDATA[{
  "keyToString": {
    "settings.editor.selected.configurable": "preferences.lookFeel"
  }
}]]></component>
      <component name="VcsDirectoryMappings" defaultProject="true" />
      <component name="WindowStateProjectService">
        <state x="781" y="201" key="SettingsEditor" timestamp="1742700052485">
          <screen x="0" y="0" width="2560" height="1392" />
        </state>
        <state x="781" y="201" key="SettingsEditor/0.0.2560.1392/-1920.-69.1920.1032" timestamp="1742700052485" />
      </component>
    </defaultProject>
  </component>
</application>