<application>
  <component name="RemoteServers">
    <remote-server name="本地" type="docker">
      <configuration>
        <option name="apiUrl" value="npipe:////./pipe/docker_engine" />
        <option name="autoDetectExePaths" value="true" />
        <option name="certificatesPath" />
        <option name="customConfiguratorId" value="DockerDefaultConnectionConfigurator" />
        <option name="dockerComposeExePath" value="C:\Program Files\Docker\Docker\resources\bin\docker.exe" />
        <option name="dockerExePath" value="C:\Program Files\Docker\Docker\resources\bin\docker.exe" />
      </configuration>
    </remote-server>
    <remote-server name="Docker" type="docker">
      <configuration>
        <option name="apiUrl" value="npipe:////./pipe/docker_engine" />
        <option name="autoDetectExePaths" value="true" />
        <option name="certificatesPath" />
        <option name="customConfiguratorId" value="DockerDefaultConnectionConfigurator" />
      </configuration>
    </remote-server>
    <remote-server name="192.168.3.137" type="docker">
      <configuration>
        <option name="apiUrl" value="http://127.0.0.1" />
        <option name="autoDetectExePaths" value="true" />
        <option name="certificatesPath" />
        <entry contributedKey="DockerSshConnectionConfigurator.SshConfigId" value="7f20647a-a53c-44b1-afe6-8ab737f092e0" />
        <option name="customConfiguratorId" value="DockerSshConnectionConfigurator" />
        <option name="dockerComposeExePath" value="/usr/bin/docker" />
        <option name="dockerExePath" value="/usr/bin/docker" />
      </configuration>
    </remote-server>
  </component>
</application>