<application>
  <component name="Trusted.Paths">
    <option name="TRUSTED_PROJECT_PATHS">
      <map>
        <entry key="$USER_HOME$/develop/Web/OpenSource/Auth/auth-web-v0.2" value="true" />
        <entry key="$USER_HOME$/develop/Web/OpenSource/auth-web-v0.2" value="true" />
        <entry key="D:\Project\FullStack\Auth\auth-web" value="true" />
        <entry key="D:\Project\FullStack\Auth\auth-web-annotation" value="true" />
        <entry key="D:\Project\Project\BigScreen\vehicle-monitor" value="true" />
        <entry key="D:\Project\Project\FullStack\Auth\auth-web" value="true" />
        <entry key="D:\Project\Project\FullStack\Auth\generator-code-web" value="true" />
        <entry key="D:\Project\Project\FullStack\BigScreen\vehicle-monitor" value="true" />
        <entry key="D:\Project\Project\FullStack\GeneratorCode\generator-code-web" value="true" />
        <entry key="D:\Project\Project\Web\Bunny-Cli\template\Vue\pure-admin-thin" value="true" />
        <entry key="D:\Project\Project\auth\auth-web" value="true" />
      </map>
    </option>
  </component>
  <component name="Trusted.Paths.Settings">
    <option name="TRUSTED_PATHS">
      <list>
        <option value="D:\Project\Project\BigScreen" />
        <option value="D:\Project\Project\auth" />
        <option value="D:\Project\Project\FullStack\BigScreen" />
        <option value="D:\Project\Project\FullStack\Auth" />
        <option value="D:\Project\Project\Web\Bunny-Cli\template\Vue" />
        <option value="D:\Project\Project\FullStack\GeneratorCode" />
        <option value="D:\Project\FullStack\Auth" />
        <option value="$USER_HOME$/develop/Web/OpenSource" />
      </list>
    </option>
  </component>
</application>