<application>
  <component name="DimensionService">
    <location key="REMOTE_DEVELOPMENT_CONNECTION.-1920.-69.1920.1080" x="-1285" y="160" />
    <location key="find.popup.0.0.2560.1440" x="871" y="343" />
    <size key="GridCell.Tab.0.left.0.0.2560.1440" width="2441" height="304" />
    <size key="GridCell.Tab.0.center.0.0.2560.1440" width="2441" height="304" />
    <size key="GridCell.Tab.0.right.0.0.2560.1440" width="2441" height="304" />
    <size key="GridCell.Tab.0.bottom.0.0.2560.1440" width="2441" height="304" />
    <size key="REMOTE_DEVELOPMENT_CONNECTION.-1920.-69.1920.1080" width="816" height="699" />
    <size key="GridCell.Tab.1.left.0.0.2560.1440" width="2441" height="347" />
    <size key="GridCell.Tab.1.center.0.0.2560.1440" width="2441" height="347" />
    <size key="GridCell.Tab.1.right.0.0.2560.1440" width="2441" height="347" />
    <size key="GridCell.Tab.1.bottom.0.0.2560.1440" width="2441" height="347" />
    <size key="GridCell.Tab.2.left.0.0.2560.1440" width="2441" height="347" />
    <size key="GridCell.Tab.2.center.0.0.2560.1440" width="2441" height="347" />
    <size key="GridCell.Tab.2.right.0.0.2560.1440" width="2441" height="347" />
    <size key="GridCell.Tab.2.bottom.0.0.2560.1440" width="2441" height="347" />
    <size key="GridCell.Tab.3.left.0.0.2560.1440" width="2441" height="347" />
    <size key="GridCell.Tab.3.center.0.0.2560.1440" width="2441" height="347" />
    <size key="GridCell.Tab.3.right.0.0.2560.1440" width="2441" height="347" />
    <size key="GridCell.Tab.3.bottom.0.0.2560.1440" width="2441" height="347" />
    <size key="find.popup.0.0.2560.1440" width="631" height="831" />
  </component>
  <component name="WindowManager">
    <frame x="580" y="198" width="1400" height="1000" />
  </component>
  <component name="WindowStateApplicationService">
    <state x="1063" y="331" width="426" height="483" key="FileChooserDialogImpl" timestamp="1766404439626">
      <screen x="0" y="0" width="2560" height="1396" />
    </state>
    <state x="1063" y="331" width="426" height="483" key="FileChooserDialogImpl/0.0.2560.1396" timestamp="1766404439626" />
    <state width="521" height="105" key="ShowUsagesActions.dimensionServiceKey" timestamp="1761582384272">
      <screen x="0" y="0" width="2560" height="1392" />
    </state>
    <state width="521" height="105" key="ShowUsagesActions.dimensionServiceKey/0.0.2560.1392" timestamp="1761582384272" />
  </component>
</application>